{"mean": [0.03292449891833539, 0.06326705939690551, 0.0919785051749661, 0.11667088960964826, 0.13911917165904414, 0.1620319782833481, 0.17865588757326023, 0.1965981492788893, 0.21004956686976367, 0.22518290653651774, 0.23467464802797183, 0.2497670778600149, 0.15841003161195533, 0.42480339515690746, 0.021962642721087326, 0.04545082637566292, 0.06972223541434086, 0.09029856260720295, 0.11420112329734387, 0.1385649093821711, 0.16063972423072542, 0.18239517843402817, 0.20725450138781382, 0.22909969329309016, 0.25792067185444795, 0.27401407296506236, 0.1567641271322712, 0.43767580690466074, 0.2927976256266543, 0.5949180747175431, 0.5933608616539374, 0.5949886929430729, 0.5966110490471742, 0.5953386626317756, 0.5974995732247543, 0.5965019757051666, 0.5971981381672203, 0.5979243728480813, 0.5983030351387564, 0.5981788110881914, 0.5978611087228318], "var": [0.031840476355295994, 0.05926433865815974, 0.08351845982672258, 0.10305879319332542, 0.11976502780193073, 0.13577761636290805, 0.14673796147465493, 0.15794731704498985, 0.16592874639356844, 0.1744755652062695, 0.17960245766690147, 0.1873834847432627, 0.006387838018955049, 0.08364480666160706, 0.021480285111775965, 0.043385048823414984, 0.06486104536915432, 0.08214473226426178, 0.10115922680095449, 0.11936467533606554, 0.13483460329577693, 0.14912717738402684, 0.16430007310828093, 0.17661302389208322, 0.19139759895057926, 0.19893036084814447, 0.003268785239713811, 0.08443079059707392, 0.2070671761200406, 0.2409905591579045, 0.14710766045805287, 0.11519539387299066, 0.09974747203897703, 0.09054963653553359, 0.08365560415796343, 0.079172515165765, 0.07594054354808154, 0.07284239372258242, 0.0708559208230599, 0.06860810882559393, 0.06709695400547566]}