{"mean": [0.03346622431037475, 0.06364844463027326, 0.09174096419916213, 0.1148860331109098, 0.13856688889030153, 0.15560319570766096, 0.17596771553042864, 0.19183281336986902, 0.20664481288325928, 0.2221140090963602, 0.23347308659203403, 0.24614127879879905, 0.15617379224780262, 0.1909136338565709, 0.4317973702786082, 0.02183265502043921, 0.04571608046530928, 0.0669634609148102, 0.091949472389031, 0.11701400435247179, 0.13703540943241932, 0.15917686772140008, 0.1810194202825055, 0.2045537924601527, 0.22562697619406513, 0.24966084425694152, 0.27407345820901646, 0.1552250594721977, 0.1999767529374385, 0.41705032180129836, 0.2903206011178664, 0.5975963492197102, 0.5941411177758288, 0.5920308677726949, 0.5958695582928158, 0.5938057314119074, 0.5967064501395861, 0.5956678485751891, 0.5950376700004781, 0.5965531601106483, 0.5971255576718761, 0.5962923999083686, 0.5961663749238179], "var": [0.03234623620676513, 0.05959732019240739, 0.08332455975295218, 0.10168723257293215, 0.11936610625954606, 0.13139084125920897, 0.1450030786874135, 0.15503298515045313, 0.16394273425769143, 0.1727793761254847, 0.1789634044952123, 0.18555574973607675, 0.006206936227652373, 0.009912749852037587, 0.08539675527583022, 0.021355990261181887, 0.0436261205181816, 0.0624793558831035, 0.08349476698239211, 0.1033217272038558, 0.11825670606009109, 0.13383959256978947, 0.14825138982907007, 0.16271153851630474, 0.1747194438735773, 0.18733030716783777, 0.19895719778034193, 0.003212428482454837, 0.006608736913876519, 0.0828664488163691, 0.20603454975041546, 0.24047495268496988, 0.14847881883269212, 0.11730181898151504, 0.10156316767924972, 0.09224809427908276, 0.08588661399164181, 0.08153930094944899, 0.07776401486943818, 0.07557590560753057, 0.07350407530050751, 0.0715322461180709, 0.06967384494193221]}