{"mean": [0.03585388015390353, 0.06861564784184322, 0.09786195316943333, 0.12407268591785207, 0.14718011809550502, 0.16664901875992225, 0.1869546298338151, 0.20107261958684222, 0.2178759542810562, 0.23039764122324302, 0.24438936522201177, 0.25198169305890217, 0.1644087707311167, 0.19990953410446965, 0.4284688238721262, 0.023083058092173633, 0.04714807216872719, 0.07056097956511542, 0.09456825502936045, 0.11748648836321789, 0.1409663246008697, 0.16319229394980037, 0.18932031463769133, 0.20996356673165656, 0.234076729616391, 0.2594595426091008, 0.28338350665006207, 0.1599368607708588, 0.20605596361852355, 0.43209918351540433, 0.3162657462522502, 0.6027955078040537, 0.6030775079814786, 0.6025730270717529, 0.6035397165612804, 0.6039820547325889, 0.6051272952682665, 0.604641385777052, 0.6050105028212609, 0.6055914137667636, 0.606070147604651, 0.6059725548098962, 0.6065257920430148], "var": [0.03456837945179443, 0.06390754073306114, 0.08828499131127418, 0.10867865454695952, 0.12551813095287778, 0.13887712332626131, 0.1520025962374992, 0.16064242125930286, 0.17040602284714057, 0.17731456816199315, 0.1846632034083718, 0.18848691944204868, 0.006774307979933211, 0.010368593887755701, 0.08665816615780714, 0.02255023054126631, 0.044925131479480775, 0.06558212774790532, 0.0856251001900415, 0.10368341343527782, 0.1210948199493725, 0.13656056916519654, 0.15347813312315076, 0.1658788673969587, 0.17928481428848092, 0.19214028837816138, 0.20307729482875883, 0.0022594287763595374, 0.004819370631084606, 0.08123703777646588, 0.2162417240197281, 0.2394330835952849, 0.1447090262625932, 0.11331402839523805, 0.0973535478184113, 0.08779015523594051, 0.08143163094345929, 0.07685386216755201, 0.07297673757804488, 0.07029977776930178, 0.06818695922481599, 0.06628140723166066, 0.06471091963239141]}